<?xml version="1.0" encoding="utf-8"?>
<manifest identifier="hHk30EGikZHdk" xmlns="http://www.imsproject.org/xsd/imscp_rootv1p1p2" xmlns:adlcp="http://www.adlnet.org/xsd/adlcp_rootv1p2" xmlns:xsi="http://www.w3.org/2001/XMLSchema-instance" xmlns:lom="http://www.imsglobal.org/xsd/imsmd_rootv1p2p1" xsi:schemaLocation="http://www.imsproject.org/xsd/imscp_rootv1p1p2 imscp_rootv1p1p2.xsd http://www.imsglobal.org/xsd/imsmd_rootv1p2p1 imsmd_rootv1p2p1.xsd http://www.adlnet.org/xsd/adlcp_rootv1p2 adlcp_rootv1p2.xsd">
	<metadata>
		<schema>ADL SCORM</schema>
		<schemaversion>1.2</schemaversion>
		<lom:lom>
			<lom:general>
				<lom:title>
					<lom:langstring>A-Level Physics  Sensing Devices</lom:langstring>
				</lom:title>
			</lom:general>
			<lom:educational>
				<lom:typicallearningtime>
				<lom:datetime>01:00:00</lom:datetime>
				</lom:typicallearningtime>
			</lom:educational>
		</lom:lom>
	</metadata>
	<organizations default="a-level_physics__sensing_devices_organization">
		<organization identifier="a-level_physics__sensing_devices_organization">

			<title>A-Level Physics  Sensing Devices</title>
			<item identifier="9570FA10-C271-45E7-AC95-76AEB937BE7C" identifierref="resource">
				<title>A-Level Physics  Sensing Devices</title>
			</item>
		</organization>
	</organizations>
	<resources>
		<resource identifier="resource" type="webcontent" adlcp:scormtype="sco" href="res/index.html">
			<file href="res/data/apple-touch-icon.png"/>
<file href="res/data/browsersupport.js"/>
<file href="res/data/favicon.ico"/>
<file href="res/data/fonts/fnt0.woff"/>
<file href="res/data/fonts/fnt1.woff"/>
<file href="res/data/fonts/fnt2.woff"/>
<file href="res/data/fonts/fnt3.woff"/>
<file href="res/data/fonts/fnt4.woff"/>
<file href="res/data/goodbye.html"/>
<file href="res/data/html5-unsupported.html"/>
<file href="res/data/html5.png"/>
<file href="res/data/images/img-13bcc6a5890d139937e0b8892bc62555872d7547.PNG"/>
<file href="res/data/images/img-7920d701ba1b373b2c87c6e5fb8c013e08edbe64.PNG"/>
<file href="res/data/images/img-8a39e2e3ed8e2630f360331f23e5562186be7eb5.PNG"/>
<file href="res/data/images/img-8b82cc67d9cbf3355cd50a69cf12d2f95083611f.PNG"/>
<file href="res/data/images/img-93da82a1d346ec19234b30659dc2f86d6feeba25.PNG"/>
<file href="res/data/images/img-9b886433a28b93370d617504ebdedf640acb327f.PNG"/>
<file href="res/data/images/img-a4fdaf72a0eb39fd2589ea036791944a653cff5c.PNG"/>
<file href="res/data/images/img-b4d17c60e248597a529a54b8ac285a0f4ca70fc4.jpg"/>
<file href="res/data/images/img-cb531acc20cf4ec59c0e8628a76afa92f3189fd5.PNG"/>
<file href="res/data/images/img-da9dbeafe3ba13fd59dd398d433939dd9a643ec5.PNG"/>
<file href="res/data/images/img-faceed88db0b7d286cfbf32236f034e335d16f6b.PNG"/>
<file href="res/data/lms.js"/>
<file href="res/data/player.js"/>
<file href="res/index.html"/>
<file href="res/preview.png"/>

		</resource>
	</resources>
</manifest>