<?xml version="1.0" encoding="UTF-8"?><manifest xmlns="http://www.imsproject.org/xsd/imscp_rootv1p1p2" xmlns:imsmd="http://www.imsglobal.org/xsd/imsmd_rootv1p2p1" xmlns:xsi="http://www.w3.org/2001/XMLSchema-instance" xmlns:adlcp="http://www.adlnet.org/xsd/adlcp_rootv1p2" identifier="MANIFEST-ODIRoadmapToSuccess001" xsi:schemaLocation="http://www.imsproject.org/xsd/imscp_rootv1p1p2 imscp_rootv1p1p2.xsd http://www.imsglobal.org/xsd/imsmd_rootv1p2p1 imsmd_rootv1p2p1.xsd http://www.adlnet.org/xsd/adlcp_rootv1p2 adlcp_rootv1p2.xsd">
<organizations default="ORG-ODIRoadmapToSuccess0001">
<organization identifier="ORG-ODIRoadmapToSuccess0001" structure="hierarchical">
<title>A Roadmap to Success: Hiring, Retaining and Including People with Disabilities</title>
<item identifier="ITEM-ODIRoadmapToSuccess0001SCO" isvisible="true" identifierref="RES-ODIRoadmapToSuccessSCO1">
<title>A Roadmap to Success: Hiring, Retaining and Including People with Disabilities</title>
</item>
<metadata>
<schema>ADL SCORM</schema>
<schemaversion>1.2</schemaversion>
<adlcp:location>index.xml</adlcp:location>
</metadata>
</organization>
</organizations>
<resources>
	<resource identifier="RES-ODIRoadmapToSuccessSCO1" type="webcontent" adlcp:scormtype="sco" href="module.htm">
		<file href="module.htm"/>
	</resource>

	<resource identifier="RES-ODIRoadmapToSuccess-2" type="webcontent" adlcp:scormtype="asset" href="APIWrapper.js">
		<file href="APIWrapper.js"/>
	</resource>
	<resource identifier="RES-ODIRoadmapToSuccess-3" type="webcontent" adlcp:scormtype="asset" href="dtm.htm">
		<file href="dtm.htm"/>
	</resource>
	<resource identifier="RES-ODIRoadmapToSuccess-10" type="webcontent" adlcp:scormtype="asset" href="loading-in-progress.htm">
		<file href="loading-in-progress.htm"/>
	</resource>
</resources>
</manifest>
