<?xml version="1.0" encoding="UTF-8" standalone="no" ?>
<presentation availableOffline="1" guid="B06C63F9-2615-491B-9240-73A63EC2FBA3" version="0">
	<info>
		<title>A-Level Physics  Sensing Devices</title>
		<description/>
	</info>
	<files index="id29" thumbnail="id24" totalSize="2042769">
		<file id="id0">data/apple-touch-icon.png</file>
		<file id="id1">data/browsersupport.js</file>
		<file id="id2">data/favicon.ico</file>
		<file id="id3">data/fonts/fnt0.woff</file>
		<file id="id4">data/fonts/fnt1.woff</file>
		<file id="id5">data/fonts/fnt2.woff</file>
		<file id="id6">data/fonts/fnt3.woff</file>
		<file id="id7">data/fonts/fnt4.woff</file>
		<file id="id8">data/goodbye.html</file>
		<file id="id9">data/html5-unsupported.html</file>
		<file id="id10">data/html5.png</file>
		<file id="id11">data/images/img-13bcc6a5890d139937e0b8892bc62555872d7547.PNG</file>
		<file id="id12">data/images/img-7920d701ba1b373b2c87c6e5fb8c013e08edbe64.PNG</file>
		<file id="id13">data/images/img-8a39e2e3ed8e2630f360331f23e5562186be7eb5.PNG</file>
		<file id="id14">data/images/img-8b82cc67d9cbf3355cd50a69cf12d2f95083611f.PNG</file>
		<file id="id15">data/images/img-93da82a1d346ec19234b30659dc2f86d6feeba25.PNG</file>
		<file id="id16">data/images/img-9b886433a28b93370d617504ebdedf640acb327f.PNG</file>
		<file id="id17">data/images/img-a4fdaf72a0eb39fd2589ea036791944a653cff5c.PNG</file>
		<file id="id18">data/images/img-b4d17c60e248597a529a54b8ac285a0f4ca70fc4.jpg</file>
		<file id="id19">data/images/img-cb531acc20cf4ec59c0e8628a76afa92f3189fd5.PNG</file>
		<file id="id20">data/images/img-da9dbeafe3ba13fd59dd398d433939dd9a643ec5.PNG</file>
		<file id="id21">data/images/img-faceed88db0b7d286cfbf32236f034e335d16f6b.PNG</file>
		<file id="id22">data/ismplayer/app_store2x.png</file>
		<file id="id23">data/ismplayer/play.svg</file>
		<file id="id24">data/ismplayer/preview.png</file>
		<file id="id25">data/ismplayer/style.css</file>
		<file id="id26">data/ismplayer/style_mini.css</file>
		<file id="id27">data/lms.js</file>
		<file id="id28">data/player.js</file>
		<file id="id29">index.html</file>
		<file id="id30">ismplayer.html</file>
		<file id="id31">preview.png</file>
	</files>
</presentation>

