﻿<?xml version="1.0" encoding="utf-8"?>
<manifest identifier="_5v7Ss5ngc0A" version="1.0" xmlns="http://www.imsproject.org/xsd/imscp_rootv1p1p2" xmlns:adlcp="http://www.adlnet.org/xsd/adlcp_rootv1p2" xmlns:xsi="http://www.w3.org/2001/XMLSchema-instance" xsi:schemaLocation="http://www.imsproject.org/xsd/imscp_rootv1p1p2 imscp_rootv1p1p2.xsd http://www.imsglobal.org/xsd/imsmd_rootv1p2p1 imsmd_rootv1p2p1.xsd http://www.adlnet.org/xsd/adlcp_rootv1p2 adlcp_rootv1p2.xsd">
  <metadata>
    <schema>ADL SCORM</schema>
    <schemaversion>1.2</schemaversion>
    <lom xmlns="http://www.imsglobal.org/xsd/imsmd_rootv1p2p1" xmlns:xsi="http://www.w3.org/2001/XMLSchema-instance" xsi:schemaLocation="http://www.imsglobal.org/xsd/imsmd_rootv1p2p1 imsmd_rootv1p2p1.xsd">
      <general>
        <title>
          <langstring xml:lang="x-none">Review Quiz 2</langstring>
        </title>
      </general>
      <lifecycle>
        <version>
          <langstring xml:lang="x-none">1</langstring>
        </version>
        <status>
          <source>
            <langstring xml:lang="x-none">LOMv1.0</langstring>
          </source>
          <value>
            <langstring xml:lang="x-none">Final</langstring>
          </value>
        </status>
      </lifecycle>
      <metametadata>
        <metadatascheme>ADL SCORM 1.2</metadatascheme>
      </metametadata>
      <educational>
        <typicallearningtime>
          <datetime>PT0H0M0S</datetime>
        </typicallearningtime>
      </educational>
      <rights>
        <cost>
          <source>
            <langstring xml:lang="x-none">LOMv1.0</langstring>
          </source>
          <value>
            <langstring xml:lang="x-none">yes</langstring>
          </value>
        </cost>
        <copyrightandotherrestrictions>
          <source>
            <langstring xml:lang="x-none">LOMv1.0</langstring>
          </source>
          <value>
            <langstring xml:lang="x-none">yes</langstring>
          </value>
        </copyrightandotherrestrictions>
      </rights>
    </lom>
  </metadata>
  <organizations default="Review_Quiz_2_ORG">
    <organization identifier="Review_Quiz_2_ORG">
      <title>Review Quiz 2</title>
      <item identifier="Review_Quiz_SCO" isvisible="true" identifierref="__5v7Ss5ngc0A_RES">
        <title>Review Quiz 2</title>
        <adlcp:masteryscore>80</adlcp:masteryscore>
      </item>
    </organization>
  </organizations>
  <resources>
    <resource identifier="__5v7Ss5ngc0A_RES" type="webcontent" href="index_lms.html" adlcp:scormtype="sco">
      <file href="story_content/thumbnail.jpg" />
      <file href="story_content/5Ut4PgOZjff.js" />
      <file href="story_content/5X3hU9ZvL1B_44100_48_0.mp3" />
      <file href="mobile/6h7PIplcXOe.png" />
      <file href="mobile/5sU0l4WPwRK.png" />
      <file href="story_content/64nGccmRkAA_44100_48_0.mp3" />
      <file href="story_content/6HPP236VU2t_44100_48_0.mp3" />
      <file href="mobile/5e3tjjDsw3O_RA0C8FF.png" />
      <file href="mobile/66Xul4LdJ9H.gif" />
      <file href="story_content/5q6TtBoeD2s_44100_48_0.mp3" />
      <file href="story_content/6ObNMyzmgeI_44100_48_0.mp3" />
      <file href="story_content/6dl6F1Ya0xV_44100_48_0.mp3" />
      <file href="story_content/5o6OgoiXfgD_44100_48_0.mp3" />
      <file href="mobile/5e3tjjDsw3O_RBFBFBF.png" />
      <file href="story_content/5mQPfVszNFh_44100_48_0.mp3" />
      <file href="story_content/5j791FnNhlz_44100_48_0.mp3" />
      <file href="mobile/6SJ4AYDXGPs.png" />
      <file href="story_content/5cw90W5LTw8_44100_48_0.mp3" />
      <file href="mobile/5hgT0ZBaTyf.png" />
      <file href="story_content/5y4LdxlcMdc_44100_48_0.mp3" />
      <file href="mobile/6c5F2FlO04C.png" />
      <file href="story_content/6fhAdOiQF3F_44100_48_0.mp3" />
      <file href="story_content/5WlKcA3ULaC_44100_48_0.mp3" />
      <file href="meta.xml" />
      <file href="story_content/user.js" />
      <file href="html5/data/css/output.min.css" />
      <file href="html5/data/js/5b5oCenF5r3.js" />
      <file href="html5/data/js/5d1SLZ7804L.js" />
      <file href="html5/data/js/5mocTFWMPYE.js" />
      <file href="html5/data/js/5tG4l2iESZb.js" />
      <file href="html5/data/js/5XMVjxtT5nt.js" />
      <file href="html5/data/js/61RbmRyMvDB.js" />
      <file href="html5/data/js/63oHirdifuB.js" />
      <file href="html5/data/js/6CDW0vlZqvG.js" />
      <file href="html5/data/js/6GlVNKMKg9X.js" />
      <file href="html5/data/js/6UrOS6FjEkE.js" />
      <file href="html5/data/js/6Xh2equZgQA.js" />
      <file href="html5/data/js/6ZxUCVfXNLv.js" />
      <file href="html5/data/js/data.js" />
      <file href="html5/data/js/frame.js" />
      <file href="html5/data/js/paths.js" />
      <file href="html5/lib/hls/hls.min.js" />
      <file href="html5/lib/scripts/bootstrapper.min.js" />
      <file href="html5/lib/scripts/frame.desktop.min.js" />
      <file href="html5/lib/scripts/frame.mobile.min.js" />
      <file href="html5/lib/scripts/slides.min.js" />
      <file href="html5/lib/stylesheets/desktop.min.css" />
      <file href="html5/lib/stylesheets/mobile.min.css" />
      <file href="html5/lib/stylesheets/mobile-fonts/open-sans-bold.woff" />
      <file href="html5/lib/stylesheets/mobile-fonts/open-sans-light.woff" />
      <file href="html5/lib/stylesheets/mobile-fonts/open-sans-regular.woff" />
      <file href="analytics-frame.html" />
      <file href="story.html" />
      <file href="index_lms.html" />
      <file href="lms/AICCComm.html" />
      <file href="lms/blank.html" />
      <file href="lms/browsersniff.js" />
      <file href="lms/goodbye.html" />
      <file href="lms/scormdriver.js" />
    </resource>
  </resources>
</manifest>